ticker,founding_year,num_rounds,last_round_type,total_funding_usd,has_crunchbase,source
INDO,,,,,0,edgar_s1
MNPR,,1.0,Series A,108000000.0,0,edgar_s1
BILL,2006.0,,,15000000.0,0,edgar_s1
EH,2019.0,3.0,Series C,,0,edgar_s1
XP,2019.0,,,,0,edgar_s1
CAN,2018.0,,,,0,edgar_s1
SITM,,,,,0,edgar_s1
CNSP,,,,,0,edgar_s1
KRKR,2016.0,1.0,Series D,5000000.0,0,edgar_s1
TELA,,1.0,Series B,200000.0,0,edgar_s1
GRTX,2012.0,1.0,Series C,40000000.0,0,edgar_s1
DUO,2016.0,3.0,Series C,,0,edgar_s1
RAPT,2015.0,1.0,Series C,,0,edgar_s1
CABA,2017.0,2.0,Series B,88000000.0,0,edgar_s1
DAO,2016.0,1.0,Series A,,0,edgar_s1
PAVS,2004.0,,,,0,edgar_s1
PGNY,2008.0,2.0,Series B,,0,edgar_s1
PHAT,2018.0,,,2400000.0,0,edgar_s1
BRBR,1997.0,,,,0,edgar_s1
IPHA,,,,10000000.0,0,edgar_s1
HBT,,,,,0,edgar_s1
VIR,,1.0,Series B,,0,edgar_s1
BNTX,2008.0,,,15000000.0,0,edgar_s1
APRE,2019.0,3.0,Series C,,0,edgar_s1
KRRO,,,,,0,edgar_s1
MCBS,2006.0,,,120000000.0,0,edgar_s1
OPRT,2005.0,1.0,Series F,1400000000.0,0,edgar_s1
PTON,2015.0,6.0,Series F,,0,edgar_s1
DDOG,2010.0,4.0,Series D,92000000.0,0,edgar_s1
XGN,,1.0,Series F,2100000.0,0,edgar_s1
NVST,2016.0,,,,0,edgar_s1
ALRS,,1.0,Series A,,0,edgar_s1
NET,2009.0,,,300000.0,0,edgar_s1
TXG,,,,,0,edgar_s1
JFU,,,,,0,edgar_s1
BTOG,,,,,0,edgar_s1
INMD,2008.0,,,,0,edgar_s1
AMTD,2019.0,,,,0,edgar_s1
KRUS,2008.0,,,3100000.0,0,edgar_s1
SNDL,,,,,0,edgar_s1
BORR,,,,139400000.0,0,edgar_s1
BHAT,,,,,0,edgar_s1
VIST,2017.0,,,,0,edgar_s1
CSTL,2007.0,1.0,Series F,,0,edgar_s1
HCAT,2011.0,,,,0,edgar_s1
AFYA,2005.0,,,,0,edgar_s1
IFS,2014.0,,,,0,edgar_s1
FULC,,2.0,Series B,,0,edgar_s1
IHRT,1998.0,1.0,Series A,,0,edgar_s1
MIRM,2018.0,1.0,Series A,107000000.0,0,edgar_s1
PHR,2005.0,1.0,Series A,,0,edgar_s1
DOYU,,5.0,Series E,,0,edgar_s1
RMBI,2019.0,,,6250000.0,0,edgar_s1
REAL,2011.0,5.0,Series F,2000000.0,0,edgar_s1
ADPT,2006.0,,,,0,edgar_s1
BBIO,,4.0,Series D,,0,edgar_s1
CMBM,2013.0,,,75000000.0,0,edgar_s1
GO,,,,,0,edgar_s1
PSNL,2011.0,2.0,Series C,89600000.0,0,edgar_s1
STOK,2014.0,2.0,Series B,,0,edgar_s1
CHWY,,2.0,Series E,30000000.0,0,edgar_s1
FVRR,2010.0,,,53100000.0,0,edgar_s1
CRWD,2011.0,4.0,Series E,11100000.0,0,edgar_s1
RVLV,2003.0,,,15000000.0,0,edgar_s1
GOTU,2014.0,1.0,Series A,,0,edgar_s1
BCYC,2016.0,2.0,Series B,,0,edgar_s1
IDYA,2015.0,1.0,Series A,140100000.0,0,edgar_s1
AVTR,2017.0,,,,0,edgar_s1
FSLY,2011.0,2.0,Series F,,0,edgar_s1
LKNCY,2017.0,2.0,Series B,,0,edgar_s1
JFIN,,,,,0,edgar_s1
SONM,,1.0,Series A,500000000.0,0,edgar_s1
UBER,2010.0,1.0,Series B,1700000000.0,0,edgar_s1
MEC,,,,179600000.0,0,edgar_s1
NXTC,2015.0,2.0,Series B,7400000.0,0,edgar_s1
QNCX,,1.0,Series B,,0,edgar_s1
SPFI,,,,9200000.0,0,edgar_s1
PSN,,,,133100000.0,0,edgar_s1
TRVI,,,,,0,edgar_s1
RRBI,1998.0,,,11300000.0,0,edgar_s1
YJ,,2.0,Series B,,0,edgar_s1
BYND,2015.0,6.0,Series F,10000000.0,0,edgar_s1
SY,,5.0,Series E,,0,edgar_s1
TMDX,1998.0,5.0,Series F,,0,edgar_s1
WAFU,,,,,0,edgar_s1
GNLN,2005.0,1.0,Series A,,0,edgar_s1
HOOK,1998.0,4.0,Series D,280000000.0,0,edgar_s1
PINS,2008.0,,,,0,edgar_s1
ZM,2011.0,,,,0,edgar_s1
BWAY,2006.0,,,58000000.0,0,edgar_s1
PLMR,2019.0,,,,0,edgar_s1
JMIA,2012.0,,,,0,edgar_s1
PD,2010.0,2.0,Series D,13500000.0,0,edgar_s1
TW,1996.0,,,,0,edgar_s1
LYFT,2007.0,,,,0,edgar_s1
DTIL,2006.0,2.0,Series B,445000000.0,0,edgar_s1
LEVI,,,,8100000.0,0,edgar_s1
TIGR,2018.0,2.0,Series C,,0,edgar_s1
FUTU,,3.0,Series C,,0,edgar_s1
SLE,,,,,0,edgar_s1
AREC,,,,,0,edgar_s1
HOTH,2017.0,2.0,Series B,,0,edgar_s1
BACK,,6.0,Series F,,0,edgar_s1
GOSS,2015.0,2.0,Series B,310000000.0,0,edgar_s1
ALEC,,2.0,Series E,,0,edgar_s1
INMB,1999.0,,,1000000.0,0,edgar_s1
NFE,2006.0,,,,0,edgar_s1
RBKB,2004.0,,,,0,edgar_s1
BCOW,,,,,0,edgar_s1
MTC,2001.0,,,,0,edgar_s1
SXTC,2005.0,,,,0,edgar_s1
MRM,,,,,0,edgar_s1
IKT,2010.0,,,,0,edgar_s1
MASS,2012.0,2.0,Series E,,0,edgar_s1
BCAB,,1.0,Series D,,0,edgar_s1
LOGC,,1.0,Series A,1200000.0,0,edgar_s1
UPST,2012.0,1.0,Series B,100000000.0,0,edgar_s1
OCG,,,,,0,edgar_s1
ABCL,2012.0,,,,0,edgar_s1
CERT,,,,,0,edgar_s1
FDMT,,,,,0,edgar_s1
NBTX,2019.0,,,,0,edgar_s1
VVOS,,1.0,Series B,,0,edgar_s1
ABNB,2008.0,3.0,Series F,2000000000.0,0,edgar_s1
HYFM,2017.0,1.0,Series A,15200000.0,0,edgar_s1
AI,2009.0,6.0,Series F,9000000.0,0,edgar_s1
DASH,2013.0,,,2500000000.0,0,edgar_s1
PUBM,2006.0,1.0,Series D,4000000.0,0,edgar_s1
SEER,2017.0,,,400000.0,0,edgar_s1
YQ,2012.0,6.0,Series F,,0,edgar_s1
VMAR,,2.0,Series B,,0,edgar_s1
MRVI,,,,,0,edgar_s1
SHC,2017.0,,,,0,edgar_s1
OLMA,2006.0,1.0,Series B,50900000.0,0,edgar_s1
TLS,2001.0,,,2400000.0,0,edgar_s1
YSG,2016.0,4.0,Series E,,0,edgar_s1
AVIR,2012.0,4.0,Series D,178100000.0,0,edgar_s1
LU,2005.0,,,,0,edgar_s1
ALGM,2013.0,,,43000000.0,0,edgar_s1
LESL,,,,,0,edgar_s1
ACIC,,,,,0,edgar_s1
BDSX,2005.0,1.0,Series A,37000000.0,0,edgar_s1
MAX,,,,124200000.0,0,edgar_s1
ROOT,2015.0,5.0,Series E,,0,edgar_s1
FHTX,2015.0,1.0,Series B,,0,edgar_s1
ALGS,,1.0,Series A,,0,edgar_s1
PRAX,,2.0,Series C,,0,edgar_s1
TARS,2016.0,3.0,Series C,79000000.0,0,edgar_s1
ARRY,,,,,0,edgar_s1
EBC,2020.0,,,329000000.0,0,edgar_s1
MNSO,,1.0,Series A,,0,edgar_s1
IH,2019.0,,,,0,edgar_s1
INTZ,,,,,0,edgar_s1
IPOD,2014.0,,,,0,edgar_s1
SPRB,2016.0,2.0,Series B,23000000.0,0,edgar_s1
STTK,2016.0,2.0,Series B,78750000.0,0,edgar_s1
ELUT,2015.0,1.0,Series A,,0,edgar_s1
FUBO,2014.0,5.0,Series E,1100000.0,0,edgar_s1
ASO,,,,23900000.0,0,edgar_s1
CCCC,2015.0,2.0,Series B,,0,edgar_s1
IMNM,,1.0,Series A,,0,edgar_s1
AVO,1997.0,,,,0,edgar_s1
LUNG,1995.0,,,1105000.0,0,edgar_s1
LXEH,,,,,0,edgar_s1
THRY,,,,,0,edgar_s1
ASAN,2008.0,4.0,Series E,457400000.0,0,edgar_s1
BQ,,3.0,Series C,,0,edgar_s1
CD,,,,,0,edgar_s1
PLTR,2003.0,2.0,Series D,200000000.0,0,edgar_s1
YALA,2020.0,1.0,Series A,,0,edgar_s1
AMST,2017.0,1.0,Series A,,0,edgar_s1
GLSI,2006.0,4.0,Series D,5700000.0,0,edgar_s1
PMVP,2013.0,4.0,Series D,,0,edgar_s1
PRLD,2016.0,3.0,Series C,311000000.0,0,edgar_s1
TSHA,2019.0,2.0,Series B,126000000.0,0,edgar_s1
BSY,2018.0,,,,0,edgar_s1
CRSR,1994.0,1.0,Series A,3300000.0,0,edgar_s1
GDRX,2015.0,,,1100000.0,0,edgar_s1
LSF,2015.0,1.0,Series A,,0,edgar_s1
CMPS,2002.0,2.0,Series B,900000.0,0,edgar_s1
U,,4.0,Series E,189000000.0,0,edgar_s1
AMWL,2006.0,3.0,Series C,,0,edgar_s1
DYN,,2.0,Series B,50000000.0,0,edgar_s1
FROG,2008.0,4.0,Series D,162100000.0,0,edgar_s1
SNOW,2012.0,,,13300000.0,0,edgar_s1
STEP,2007.0,,,,0,edgar_s1
OM,2003.0,,,,0,edgar_s1
PRFX,2007.0,,,,0,edgar_s1
GP,,,,,0,edgar_s1
XPEV,2006.0,3.0,Series C,,0,edgar_s1
KYMR,,1.0,Series A,,0,edgar_s1
NNOX,2008.0,,,,0,edgar_s1
HRMY,,3.0,Series C,295000000.0,0,edgar_s1
INBX,,,,,0,edgar_s1
BEKE,2018.0,4.0,Series D,,0,edgar_s1
IBEX,1996.0,3.0,Series C,149200000.0,0,edgar_s1
RKT,1996.0,,,3500000000.0,0,edgar_s1
FTHM,2010.0,,,,0,edgar_s1
NHIC,,,,,0,edgar_s1
VITL,2009.0,3.0,Series D,4000000.0,0,edgar_s1
LI,2015.0,2.0,Series D,,0,edgar_s1
VERX,,,,,0,edgar_s1
ANNX,2011.0,,,,0,edgar_s1
NRIX,2009.0,,,,0,edgar_s1
EDTK,,,,,0,edgar_s1
MEG,2013.0,1.0,Series A,,0,edgar_s1
ALXO,,3.0,Series C,350400000.0,0,edgar_s1
RLAY,,,,,0,edgar_s1
GOCO,2015.0,,,,0,edgar_s1
IVA,2011.0,,,,0,edgar_s1
NKTX,2015.0,1.0,Series B,,0,edgar_s1
QH,,3.0,Series D,,0,edgar_s1
LMND,,,,,0,edgar_s1
ADTX,,2.0,Series B,10000000.0,0,edgar_s1
ACI,,,,,0,edgar_s1
API,2013.0,3.0,Series C,,0,edgar_s1
EBON,,,,25100000.0,0,edgar_s1
PYPD,2008.0,2.0,Series E,114100000.0,0,edgar_s1
RPRX,1996.0,1.0,Series A,6000000000.0,0,edgar_s1
BNR,2016.0,3.0,Series C,,0,edgar_s1
PCVX,2013.0,4.0,Series D,,0,edgar_s1
LTRN,2013.0,1.0,Series A,21000000.0,0,edgar_s1
UCL,2014.0,1.0,Series A,,0,edgar_s1
VRM,,,,,0,edgar_s1
FOUR,1999.0,,,2000000.0,0,edgar_s1
LEGN,,,,430000000.0,0,edgar_s1
PLRX,2015.0,3.0,Series C,18200000.0,0,edgar_s1
WMG,,,,93750000.0,0,edgar_s1
ADCT,2011.0,,,30000000.0,0,edgar_s1
KC,,4.0,Series D,,0,edgar_s1
LYRA,2005.0,,,,0,edgar_s1
ORIC,2014.0,2.0,Series D,,0,edgar_s1
ZNTL,2014.0,3.0,Series C,162100000.0,0,edgar_s1
WIMI,,1.0,Series A,,0,edgar_s1
ELVN,2016.0,2.0,Series B,,0,edgar_s1
GFL,2007.0,1.0,Series A,1852600000.0,0,edgar_s1
PASG,2017.0,,,300000.0,0,edgar_s1
ZCMD,,,,,0,edgar_s1
RVMD,,3.0,Series C,250700000.0,0,edgar_s1
SDOT,,,,3750000.0,0,edgar_s1
HUIZ,2011.0,2.0,Series B,,0,edgar_s1
ONEW,2004.0,,,176100000.0,0,edgar_s1
BEAM,2017.0,,,,0,edgar_s1
SDGR,1990.0,1.0,Series E,46000000.0,0,edgar_s1
ARQT,,,,12500000.0,0,edgar_s1
REYN,,,,,0,edgar_s1
BDTX,2018.0,3.0,Series C,85000000.0,0,edgar_s1
ANVS,2008.0,1.0,Series A,,0,edgar_s1
SOGP,,4.0,Series D,,0,edgar_s1
VEL,2004.0,,,,0,edgar_s1
NXGL,,,,,0,edgar_s1
IMMX,,,,,0,edgar_s1
GNTA,2014.0,,,1700000000.0,0,edgar_s1
IOT,2015.0,1.0,Series F,939400000.0,0,edgar_s1
NRSN,,,,30000000.0,0,edgar_s1
NU,2013.0,2.0,Series F,,0,edgar_s1
CING,,,,12000000.0,0,edgar_s1
FINW,1999.0,,,65900000.00000001,0,edgar_s1
LITM,2010.0,,,,0,edgar_s1
SG,2009.0,6.0,Series F,1700000.0,0,edgar_s1
BRZE,2011.0,1.0,Series E,,0,edgar_s1
IREN,,,,,0,edgar_s1
BTBD,,,,,0,edgar_s1
DERM,2014.0,,,14300000.0,0,edgar_s1
BEAT,,,,,0,edgar_s1
BLZE,2007.0,1.0,Series A,,0,edgar_s1
LVLU,1996.0,2.0,Series B,107700000.0,0,edgar_s1
TIVC,,1.0,Series B,,0,edgar_s1
WEAV,2015.0,3.0,Series D,300000.0,0,edgar_s1
BJDX,,1.0,Series D,4500000.0,0,edgar_s1
CINT,1995.0,,,,0,edgar_s1
EXFY,,2.0,Series C,,0,edgar_s1
RIVN,,6.0,Series F,,0,edgar_s1
SOPA,,,,,0,edgar_s1
SWAG,,,,,0,edgar_s1
TCBX,2015.0,,,20500000.0,0,edgar_s1
IOBT,2021.0,2.0,Series C,,0,edgar_s1
ARHS,,,,,0,edgar_s1
CDRE,,,,,0,edgar_s1
EVO,,,,,0,edgar_s1
LION,,,,,0,edgar_s1
MDXH,2003.0,,,,0,edgar_s1
NRDS,2011.0,1.0,Series A,,0,edgar_s1
BIRD,2015.0,5.0,Series E,,0,edgar_s1
AURA,2009.0,1.0,Series E,300000.0,0,edgar_s1
BFRI,2015.0,3.0,Series D,,0,edgar_s1
SONX,2006.0,3.0,Series E,281300000.0,0,edgar_s1
TRDA,,2.0,Series B,201800000.0,0,edgar_s1
UDMY,2010.0,6.0,Series F,,0,edgar_s1
AIP,2004.0,1.0,Series A,,0,edgar_s1
RENT,,,,,0,edgar_s1
XLO,2020.0,3.0,Series C,234500000.0,0,edgar_s1
COCO,2015.0,,,,0,edgar_s1
NHIC,,,,,0,edgar_s1
PTLO,,,,,0,edgar_s1
CYN,,,,,0,edgar_s1
INKT,1994.0,,,,0,edgar_s1
GTLB,,4.0,Series E,,0,edgar_s1
LUCD,,,,,0,edgar_s1
CGTX,,,,,0,edgar_s1
OLPX,2021.0,,,857000000.0,0,edgar_s1
WRBY,2010.0,3.0,Series F,30900000.0,0,edgar_s1
ARBK,2017.0,,,,0,edgar_s1
BRLT,2005.0,,,,0,edgar_s1
AKA,2021.0,,,6300000.0,0,edgar_s1
FRSH,2010.0,4.0,Series E,,0,edgar_s1
TOST,,6.0,Series F,,0,edgar_s1
BROS,2021.0,,,,0,edgar_s1
KTTA,,,,,0,edgar_s1
PRCT,2021.0,,,1400000.0,0,edgar_s1
TYRA,2018.0,2.0,Series B,157200000.0,0,edgar_s1
DDI,2008.0,,,,0,edgar_s1
RNXT,,,,,0,edgar_s1
DRMA,,,,,0,edgar_s1
EWCZ,,,,,0,edgar_s1
DOLE,,,,14200000.0,0,edgar_s1
IMRX,2008.0,2.0,Series B,,0,edgar_s1
MXCT,1998.0,,,19900000000.0,0,edgar_s1
RANI,2021.0,3.0,Series E,7000000.0,0,edgar_s1
RXST,1997.0,6.0,Series F,191300000.0,0,edgar_s1
TNYA,2016.0,3.0,Series C,247900000.0,0,edgar_s1
COOK,,,,,0,edgar_s1
HOOD,2013.0,,,2000000000.0,0,edgar_s1
NUVL,2017.0,2.0,Series B,,0,edgar_s1
RLYB,,2.0,Series B,37600000.0,0,edgar_s1
RSKD,2012.0,,,161100000.0,0,edgar_s1
DUOL,2011.0,5.0,Series F,183300000.0,0,edgar_s1
CADL,2003.0,3.0,Series C,66099999.99999999,0,edgar_s1
CNM,,,,,0,edgar_s1
CRBU,2014.0,3.0,Series C,10000000.0,0,edgar_s1
CTKB,2014.0,4.0,Series D,200100000.0,0,edgar_s1
GAMB,2006.0,,,,0,edgar_s1
XPOF,2018.0,1.0,Series A,3100000.0,0,edgar_s1
ABSI,,5.0,Series E,65000000.0,0,edgar_s1
RYAN,2021.0,,,,0,edgar_s1
ZENV,2014.0,,,,0,edgar_s1
ZVIA,,2.0,Series E,207200000.0,0,edgar_s1
KLTR,2006.0,6.0,Series F,,0,edgar_s1
LAW,2013.0,6.0,Series F,401100000.0,0,edgar_s1
VEEE,,,,,0,edgar_s1
VTEX,1999.0,,,,0,edgar_s1
HCWB,2007.0,,,,0,edgar_s1
BLND,2012.0,1.0,Series D,225000000.0,0,edgar_s1
ERAS,,2.0,Series B,320400000.0,0,edgar_s1
RGC,1999.0,,,,0,edgar_s1
STVN,,,,,0,edgar_s1
TCRX,2018.0,3.0,Series C,160000000.0,0,edgar_s1
RPID,2006.0,,,35000000.0,0,edgar_s1
SERA,,2.0,Series E,207100000.0,0,edgar_s1
SGHT,2010.0,4.0,Series F,150200000.0,0,edgar_s1
IINN,,,,25000000.0,0,edgar_s1
UNCY,2016.0,,,1105000.0,0,edgar_s1
RNAZ,2016.0,,,,0,edgar_s1
SNTG,,,,,0,edgar_s1
MITQ,2017.0,,,,0,edgar_s1
NYXH,2008.0,,,,0,edgar_s1
ABOS,1996.0,2.0,Series B,30000000.0,0,edgar_s1
CURV,2017.0,,,,0,edgar_s1
DNUT,2012.0,,,49200000.0,0,edgar_s1
EVCM,,,,,0,edgar_s1
HEPS,2000.0,,,,0,edgar_s1
WAVE,2019.0,,,1100000.0,0,edgar_s1
CPOP,,,,,0,edgar_s1
CVRX,2000.0,,,1105000.0,0,edgar_s1
DIDIY,2018.0,4.0,Series F,,0,edgar_s1
INTA,2000.0,,,15000000.0,0,edgar_s1
LZ,,,,,0,edgar_s1
S,2013.0,5.0,Series F,,0,edgar_s1
XMTR,2013.0,4.0,Series E,,0,edgar_s1
YOU,,,,,0,edgar_s1
DDL,2018.0,3.0,Series D,,0,edgar_s1
ACXP,,,,12000000.0,0,edgar_s1
GHRS,,2.0,Series B,125200000.0,0,edgar_s1
MCW,2014.0,,,33600000.0,0,edgar_s1
TKNO,1996.0,,,,0,edgar_s1
CFLT,2014.0,,,,0,edgar_s1
DOCS,2010.0,,,,0,edgar_s1
GLUE,2019.0,3.0,Series C,223500000.0,0,edgar_s1
UPXI,,,,,0,edgar_s1
CXM,2011.0,5.0,Series F,,0,edgar_s1
FA,,,,,0,edgar_s1
YMM,2013.0,1.0,Series A,,0,edgar_s1
ATAI,2018.0,3.0,Series C,362300000.0,0,edgar_s1
FEMY,2004.0,,,10000000.0,0,edgar_s1
IPSC,2018.0,3.0,Series C,6000000.0,0,edgar_s1
NEXN,,,,,0,edgar_s1
RERE,2011.0,6.0,Series F,,0,edgar_s1
ISPC,,,,,0,edgar_s1
LYEL,2018.0,2.0,Series C,980700000.0,0,edgar_s1
MOLN,2004.0,,,,0,edgar_s1
ALZN,,1.0,Series A,25000000.0,0,edgar_s1
BZ,2014.0,6.0,Series F,,0,edgar_s1
JANX,2017.0,2.0,Series B,201000000.0,0,edgar_s1
TASK,,,,,0,edgar_s1
DIBS,,4.0,Series D,,0,edgar_s1
LFST,1992.0,1.0,Series A,115000000.0,0,edgar_s1
MNDY,,2.0,Series E,,0,edgar_s1
ZETA,,5.0,Series F,,0,edgar_s1
MQ,2010.0,,,,0,edgar_s1
DLO,,,,,0,edgar_s1
CNTA,2020.0,2.0,Series B,245000000.0,0,edgar_s1
DAWN,2018.0,1.0,Series B,188000000.0,0,edgar_s1
FIGS,,,,,0,edgar_s1
FLYW,2009.0,6.0,Series F,,0,edgar_s1
PAY,2011.0,1.0,Series A,,0,edgar_s1
ZIP,2010.0,2.0,Series B,,0,edgar_s1
OTLY,1994.0,,,,0,edgar_s1
PCOR,2014.0,,,,0,edgar_s1
JZXN,,,,,0,edgar_s1
EJH,,,,,0,edgar_s1
VERA,,,,,0,edgar_s1
GLBE,,4.0,Series E,,0,edgar_s1
IPW,,,,,0,edgar_s1
SMWB,2009.0,2.0,Series C,135900000.0,0,edgar_s1
ANEB,2020.0,,,,0,edgar_s1
BWMN,,,,,0,edgar_s1
WDH,2018.0,4.0,Series D,,0,edgar_s1
VALN,2013.0,,,,0,edgar_s1
FSBC,,,,28300000.0,0,edgar_s1
HNST,2011.0,,,,0,edgar_s1
ALF,,,,2000000.0,0,edgar_s1
BRNS,2016.0,2.0,Series B,7000000.0,0,edgar_s1
HOWL,2017.0,2.0,Series B,,0,edgar_s1
AVAH,,,,178300000.0,0,edgar_s1
FTCI,,,,,0,edgar_s1
RAIN,,1.0,Series A,1350000.0,0,edgar_s1
SWIM,,,,,0,edgar_s1
TMCI,2013.0,1.0,Series A,2100000.0,0,edgar_s1
NPCE,1997.0,,,7100000.0,0,edgar_s1
DV,,,,,0,edgar_s1
PATH,2015.0,2.0,Series F,,0,edgar_s1
SKYT,,,,,0,edgar_s1
IFBD,,,,,0,edgar_s1
BMEA,,1.0,Series A,68800000.0,0,edgar_s1
RXRX,2006.0,4.0,Series D,,0,edgar_s1
KRT,2018.0,,,1900000.0,0,edgar_s1
TSPH,,1.0,Series E,50000000.0,0,edgar_s1
ALKT,2011.0,3.0,Series F,421600000.0,0,edgar_s1
COIN,2012.0,,,3000000.0,0,edgar_s1
WTO,,,,,0,edgar_s1
COMP,2012.0,2.0,Series F,3200000.0,0,edgar_s1
EM,2017.0,4.0,Series D,,0,edgar_s1
KARO,2001.0,,,,0,edgar_s1
ULCC,2013.0,,,150000000.0,0,edgar_s1
COUR,2011.0,2.0,Series F,,0,edgar_s1
ALHC,,,,,0,edgar_s1
DSGN,2017.0,2.0,Series B,1000000.0,0,edgar_s1
EWTX,2017.0,2.0,Series C,160700000.0,0,edgar_s1
ZH,,6.0,Series F,,0,edgar_s1
CRCT,,,,300000.0,0,edgar_s1
EEIQ,2012.0,,,,0,edgar_s1
ACVA,2014.0,5.0,Series E,2400000.0,0,edgar_s1
DOCN,2012.0,2.0,Series C,,0,edgar_s1
MOVE,2018.0,1.0,Series A,37100000.0,0,edgar_s1
UPC,2010.0,,,,0,edgar_s1
CNTB,2015.0,3.0,Series C,,0,edgar_s1
FNCH,2014.0,4.0,Series D,600000.0,0,edgar_s1
TIL,2018.0,1.0,Series A,14800000.0,0,edgar_s1
GANX,,,,,0,edgar_s1
TUYA,,4.0,Series D,,0,edgar_s1
JWEL,,,,,0,edgar_s1
SNCY,,,,,0,edgar_s1
WALD,1993.0,4.0,Series D,2700000.0,0,edgar_s1
HAYW,2017.0,,,,0,edgar_s1
STKH,2018.0,1.0,Series E,8000000.0,0,edgar_s1
CPNG,2010.0,,,,0,edgar_s1
RBLX,2004.0,1.0,Series F,25200000.0,0,edgar_s1
GROY,2009.0,,,,0,edgar_s1
INNV,2007.0,2.0,Series C,,0,edgar_s1
OSCR,2017.0,,,4600000.0,0,edgar_s1
TWLV,,,,,0,edgar_s1
CMII,,,,,0,edgar_s1
AUUD,,,,,0,edgar_s1
LGVN,,,,,0,edgar_s1
BMBL,,,,,0,edgar_s1
BVS,2019.0,1.0,Series C,1177000.0,0,edgar_s1
LDI,2020.0,,,,0,edgar_s1
DSP,1999.0,,,,0,edgar_s1
ADAG,2011.0,3.0,Series C,,0,edgar_s1
EPOW,2014.0,,,,0,edgar_s1
GIG,2023.0,,,,0,edgar_s1
RAASY,,6.0,Series F,,0,edgar_s1
BAOS,2014.0,,,,0,edgar_s1
BOLT,2015.0,1.0,Series B,173700000.0,0,edgar_s1
CNEY,,,,,0,edgar_s1
EVAX,,,,,0,edgar_s1
IMCR,2007.0,2.0,Series C,873200000.0,0,edgar_s1
PHVS,,3.0,Series C,,0,edgar_s1
TERN,2017.0,3.0,Series C,56000000.0,0,edgar_s1
VOR,2015.0,1.0,Series B,440000.0,0,edgar_s1
SANA,2018.0,2.0,Series B,175000000.0,0,edgar_s1
SNSE,1999.0,,,88900000.0,0,edgar_s1
ONTF,1998.0,,,,0,edgar_s1
VINP,2009.0,,,,0,edgar_s1
ZIM,,,,,0,edgar_s1
SHLS,,,,,0,edgar_s1
TIRX,,,,,0,edgar_s1
EZGO,,,,,0,edgar_s1
HUDI,1998.0,,,,0,edgar_s1
MNTK,2009.0,,,52500000.0,0,edgar_s1
PAX,,,,,0,edgar_s1
RLX,,3.0,Series C,,0,edgar_s1
DFH,2020.0,4.0,Series D,4500000.0,0,edgar_s1
DRVN,,,,4300000.0,0,edgar_s1
PLTK,2010.0,,,28000000.0,0,edgar_s1
WOOF,,,,,0,edgar_s1
AFRM,2011.0,1.0,Series D,,0,edgar_s1
MSGM,,,,,0,edgar_s1
CGEM,2018.0,3.0,Series C,23000000.0,0,edgar_s1
COYA,2020.0,1.0,Series A,13250000.0,0,edgar_s1
LIPO,2005.0,1.0,Series A,,0,edgar_s1
RAYA,2019.0,,,,0,edgar_s1
ACRV,2018.0,1.0,Series B,10300000.0,0,edgar_s1
ATAT,,,,,0,edgar_s1
ASPI,2021.0,,,,0,edgar_s1
SNAL,,,,,0,edgar_s1
MBLY,,,,,0,edgar_s1
PRME,2019.0,2.0,Series B,300000.0,0,edgar_s1
DMYY,,,,130000000.0,0,edgar_s1
LASE,,,,,0,edgar_s1
NXL,,,,,0,edgar_s1
WLDS,,,,,0,edgar_s1
BIAF,,2.0,Series B,,0,edgar_s1
SHPH,,,,,0,edgar_s1
JFBR,,,,4500000.0,0,edgar_s1
JZ,,,,,0,edgar_s1
ONFO,,1.0,Series A,292000000.0,0,edgar_s1
MOB,,,,,0,edgar_s1
GCT,,5.0,Series E,1200000.0,0,edgar_s1
LUCY,,,,,0,edgar_s1
REBN,2015.0,,,50000000.0,0,edgar_s1
TGL,,,,,0,edgar_s1
MEGL,,,,,0,edgar_s1
MGAM,,,,,0,edgar_s1
MAIA,,,,,0,edgar_s1
VRAX,,2.0,Series B,,0,edgar_s1
HKD,2019.0,,,,0,edgar_s1
ILAG,2017.0,,,,0,edgar_s1
IE,,,,,0,edgar_s1
GSUN,,,,,0,edgar_s1
HSCS,2007.0,3.0,Series C,,0,edgar_s1
SVRE,,,,50000000.0,0,edgar_s1
TOP,,,,,0,edgar_s1
BNRG,,,,,0,edgar_s1
GV,2012.0,,,6400000.0,0,edgar_s1
OKYO,,,,,0,edgar_s1
ACDC,,,,,0,edgar_s1
ASNS,1998.0,,,,0,edgar_s1
HNVR,2009.0,,,26700000.0,0,edgar_s1
BLCO,2022.0,,,,0,edgar_s1
PEPG,2018.0,2.0,Series B,163700000.0,0,edgar_s1
AUST,2020.0,,,,0,edgar_s1
BLTE,,2.0,Series B,,0,edgar_s1
OST,2010.0,,,,0,edgar_s1
TNON,,2.0,Series B,,0,edgar_s1
JCSE,,,,,0,edgar_s1
STSS,,,,,0,edgar_s1
EE,2016.0,,,,0,edgar_s1
GNS,,,,625000000.0,0,edgar_s1
XPON,,,,,0,edgar_s1
RVSN,,,,,0,edgar_s1
ANTX,2017.0,2.0,Series B,80000000.0,0,edgar_s1
LCFY,,,,,0,edgar_s1
AKAN,,,,,0,edgar_s1
FGMC,,,,,0,edgar_s1
ONCO,2018.0,4.0,Series E,1710000.0,0,edgar_s1
HTCR,,1.0,Series A,,0,edgar_s1
SKYX,,1.0,Series A,1200000.0,0,edgar_s1
ACLX,2014.0,3.0,Series C,19300000.0,0,edgar_s1
NVCT,2020.0,,,3000000.0,0,edgar_s1
MTEK,2008.0,,,,0,edgar_s1
CRDO,2008.0,2.0,Series D,13500000.0,0,edgar_s1
KSCP,2013.0,2.0,Series B,,0,edgar_s1
FGI,,,,,0,edgar_s1
TKLF,,,,,0,edgar_s1
TPG,1992.0,,,109000000000.0,0,edgar_s1
AMLX,,1.0,Series B,,0,edgar_s1
HOUR,2013.0,,,,0,edgar_s1
LGCB,,,,,0,edgar_s1
ZKH,,5.0,Series F,,0,edgar_s1
INHD,,,,,0,edgar_s1
AFJK,,,,,0,edgar_s1
GSIW,,,,,0,edgar_s1
FEBO,,,,,0,edgar_s1
ELAB,,,,,0,edgar_s1
DDC,,,,,0,edgar_s1
RR,,,,50000000.0,0,edgar_s1
SGN,,,,,0,edgar_s1
SHIM,1990.0,,,,0,edgar_s1
HG,2001.0,,,415000000.0,0,edgar_s1
GVH,2016.0,,,,0,edgar_s1
LXEO,,,,,0,edgar_s1
PAPL,,,,,0,edgar_s1
ATGL,,,,,0,edgar_s1
MNR,2015.0,,,,0,edgar_s1
NCL,,1.0,Series A,,0,edgar_s1
WBUY,,,,,0,edgar_s1
BIRK,,,,,0,edgar_s1
GMM,,,,,0,edgar_s1
LRHC,,2.0,Series B,,0,edgar_s1
MSS,,,,4000000.0,0,edgar_s1
ANL,2008.0,4.0,Series D,,0,edgar_s1
SYRA,,,,,0,edgar_s1
VSME,,,,,0,edgar_s1
LRE,,,,,0,edgar_s1
TURB,,,,,0,edgar_s1
MDBH,1997.0,,,8000000.0,0,edgar_s1
KVYO,2012.0,,,16200000.0,0,edgar_s1
CART,2012.0,1.0,Series A,143000000.0,0,edgar_s1
DTCK,,,,,0,edgar_s1
NMRA,2019.0,1.0,Series B,720000000.0,0,edgar_s1
ARM,2018.0,2.0,Series B,,0,edgar_s1
SPPL,2016.0,,,,0,edgar_s1
NWGL,2016.0,,,,0,edgar_s1
NRXS,2011.0,1.0,Series A,,0,edgar_s1
MIRA,,,,,0,edgar_s1
CTNT,,,,,0,edgar_s1
PRZO,2017.0,,,,0,edgar_s1
SRFM,2021.0,,,49000000.0,0,edgar_s1
ODD,,,,,0,edgar_s1
APGE,,2.0,Series B,20000000.0,0,edgar_s1
SGMT,,,,,0,edgar_s1
SXTP,,1.0,Series A,,0,edgar_s1
INTS,,,,,0,edgar_s1
VTMX,1996.0,,,,0,edgar_s1
FIHL,,,,,0,edgar_s1
KGS,,,,,0,edgar_s1
SVV,,,,21700000.0,0,edgar_s1
GENK,2011.0,,,29500000.0,0,edgar_s1
AZTR,,,,20000000.0,0,edgar_s1
BOF,,,,,0,edgar_s1
CAVA,2009.0,6.0,Series F,,0,edgar_s1
ATMU,2022.0,,,24200000.0,0,edgar_s1
CWD,,2.0,Series B,25000000.0,0,edgar_s1
KVUE,2022.0,,,,0,edgar_s1
TRNR,,3.0,Series C,,0,edgar_s1
JYD,,,,,0,edgar_s1
UCAR,,,,,0,edgar_s1
USGO,,,,,0,edgar_s1
TPET,,,,,0,edgar_s1
WAI,,,,,0,edgar_s1
GDTC,,,,,0,edgar_s1
VCIG,,,,,0,edgar_s1
GDHG,,,,,0,edgar_s1
ARBB,,,,,0,edgar_s1
ISPR,,,,,0,edgar_s1
MGIH,,,,,0,edgar_s1
MWG,,,,,0,edgar_s1
HSHP,2021.0,,,2700000.0,0,edgar_s1
SFWL,,,,,0,edgar_s1
CHSN,,,,,0,edgar_s1
HLP,2021.0,,,,0,edgar_s1
TBMC,,,,,0,edgar_s1
ZJYL,,,,760000.0,0,edgar_s1
BANL,2015.0,,,,0,edgar_s1
MGRX,,,,,0,edgar_s1
OMH,,,,,0,edgar_s1
ICG,,,,,0,edgar_s1
IZM,,,,,0,edgar_s1
AIXI,2001.0,,,,0,edgar_s1
BMR,,,,,0,edgar_s1
GXAI,,,,,0,edgar_s1
BFRG,2020.0,1.0,Series A,10000000.0,0,edgar_s1
ENLT,2008.0,,,1200000000.0,0,edgar_s1
MLYS,2019.0,2.0,Series B,,0,edgar_s1
HSAI,,,,,0,edgar_s1
NXT,,,,,0,edgar_s1
LICN,,,,,0,edgar_s1
ASST,,1.0,Series A,,0,edgar_s1
GPCR,,1.0,Series B,,0,edgar_s1
TXO,,,,139700000.0,0,edgar_s1
GNLX,2001.0,,,,0,edgar_s1
CVKD,,,,,0,edgar_s1
SKWD,2006.0,1.0,Series A,,0,edgar_s1
ONEG,2021.0,,,,0,edgar_s1
HIT,2021.0,1.0,Series A,,0,edgar_s1
YAAS,,,,,0,edgar_s1
LSE,2024.0,,,,0,edgar_s1
NCEW,,,,,0,edgar_s1
YSXT,,,,,0,edgar_s1
AVR,,,,,0,edgar_s1
NTCL,,,,,0,edgar_s1
TTAN,2007.0,6.0,Series F,5600000.0,0,edgar_s1
NAMI,,3.0,Series C,,0,edgar_s1
LNKS,,,,,0,edgar_s1
JUNS,,,,,0,edgar_s1
BRIA,,,,,0,edgar_s1
GRO,,,,,0,edgar_s1
PONY,2016.0,4.0,Series D,,0,edgar_s1
VENU,2017.0,2.0,Series B,,0,edgar_s1
CGTL,2016.0,,,,0,edgar_s1
WYHG,2009.0,,,,0,edgar_s1
IPST,,2.0,Series B,,0,edgar_s1
MSW,2012.0,,,,0,edgar_s1
ETHM,2021.0,,,,0,edgar_s1
NOEM,2016.0,,,,0,edgar_s1
PLRZ,2005.0,,,,0,edgar_s1
SEPN,2019.0,1.0,Series A,100000000.0,0,edgar_s1
WRD,,,,,0,edgar_s1
INGM,1995.0,,,,0,edgar_s1
FGL,,,,,0,edgar_s1
LBGJ,,,,,0,edgar_s1
ROLR,2021.0,,,,0,edgar_s1
ALDF,2006.0,,,,0,edgar_s1
HUHU,,,,,0,edgar_s1
ORIS,,,,,0,edgar_s1
SPHL,,,,,0,edgar_s1
PTLE,,,,,0,edgar_s1
SFHG,,,,,0,edgar_s1
CAMP,2015.0,1.0,Series B,190000.0,0,edgar_s1
CBLL,2007.0,3.0,Series C,1000000.0,0,edgar_s1
UPB,2021.0,2.0,Series B,,0,edgar_s1
CLIK,,,,,0,edgar_s1
KLC,,,,35100000.0,0,edgar_s1
SKK,2013.0,,,,0,edgar_s1
CBNA,,,,10500000.0,0,edgar_s1
FLX,2014.0,3.0,Series C,,0,edgar_s1
SARO,,,,,0,edgar_s1
WCT,,,,,0,edgar_s1
HTLM,2024.0,,,,0,edgar_s1
ZJK,,,,,0,edgar_s1
BIOA,2015.0,4.0,Series D,293800000.0,0,edgar_s1
BKV,,1.0,Series A,100000.0,0,edgar_s1
GRDN,,,,,0,edgar_s1
IBG,,,,,0,edgar_s1
LGCY,,,,,0,edgar_s1
GLE,,,,,0,edgar_s1
KAPA,,,,30000000.0,0,edgar_s1
BCAX,2018.0,2.0,Series C,353000000.0,0,edgar_s1
MBX,,2.0,Series C,,0,edgar_s1
ZBIO,2019.0,3.0,Series C,58000000.0,0,edgar_s1
GLXG,,,,,0,edgar_s1
TDTH,,,,,0,edgar_s1
XCH,2018.0,,,,0,edgar_s1
VCIC,,,,200000000.0,0,edgar_s1
PMAX,2019.0,,,40000000.0,0,edgar_s1
GIG,2023.0,,,,0,edgar_s1
AZI,,,,,0,edgar_s1
SPAI,,1.0,Series C,,0,edgar_s1
JBDI,,,,,0,edgar_s1
RITR,2022.0,,,,0,edgar_s1
WOK,,,,,0,edgar_s1
SBXD,,,,2000000.0,0,edgar_s1
YXT,,5.0,Series E,,0,edgar_s1
ACTU,,,,,0,edgar_s1
OSTX,,1.0,Series A,,0,edgar_s1
NIPG,2014.0,,,,0,edgar_s1
CON,,,,,0,edgar_s1
ORKT,,,,,0,edgar_s1
OS,,,,,0,edgar_s1
ARTV,2019.0,2.0,Series B,,0,edgar_s1
QMMM,,,,,0,edgar_s1
ARDT,1998.0,,,22900000.0,0,edgar_s1
TWFG,2000.0,,,,0,edgar_s1
ICON,2014.0,2.0,Series B,,0,edgar_s1
EHGO,,,,,0,edgar_s1
ALMS,2010.0,3.0,Series C,120000000.0,0,edgar_s1
LB,,,,,0,edgar_s1
LSH,,,,,0,edgar_s1
TBN,2009.0,,,1200000000.0,0,edgar_s1
WBTN,2016.0,,,,0,edgar_s1
GRAF,,,,,0,edgar_s1
RECT,,,,,0,edgar_s1
CUB,2010.0,,,230000000.0,0,edgar_s1
TEM,,,,700000.0,0,edgar_s1
PCSC,,,,,0,edgar_s1
RAPP,2022.0,2.0,Series B,,0,edgar_s1
WAY,,,,839000000000.0,0,edgar_s1
FLYE,2018.0,,,,0,edgar_s1
GAUZ,2018.0,3.0,Series D,1000000.0,0,edgar_s1
HDL,,,,,0,edgar_s1
JDZG,,,,,0,edgar_s1
RAY,,,,,0,edgar_s1
BTOC,,,,,0,edgar_s1
PAL,2023.0,1.0,Series A,3200000.0,0,edgar_s1
SVCO,2009.0,,,1000000.0,0,edgar_s1
NNE,2019.0,,,,0,edgar_s1
CCIX,2012.0,,,250000000.0,0,edgar_s1
VIK,1997.0,,,19000000.0,0,edgar_s1
ZONE,2014.0,,,,0,edgar_s1
LOAR,,,,,0,edgar_s1
MRX,2005.0,,,475000000.0,0,edgar_s1
RBRK,2013.0,5.0,Series E,,0,edgar_s1
MFI,2002.0,,,,0,edgar_s1
YYGH,2022.0,,,,0,edgar_s1
TRSG,,,,,0,edgar_s1
CDTG,,,,,0,edgar_s1
CTRI,2023.0,,,,0,edgar_s1
IBTA,2011.0,4.0,Series D,2000000.0,0,edgar_s1
MTEN,,,,,0,edgar_s1
TWG,,,,,0,edgar_s1
MNDR,,,,,0,edgar_s1
CTNM,2017.0,1.0,Series C,,0,edgar_s1
MAMO,,,,7400000.0,0,edgar_s1
ZBAO,,,,15000000.0,0,edgar_s1
BOLD,2018.0,3.0,Series C,253500000.0,0,edgar_s1
MMA,,1.0,Series A,20000000.0,0,edgar_s1
UBXG,,,,,0,edgar_s1
AUNA,2020.0,,,,0,edgar_s1
LOBO,,,,,0,edgar_s1
RDDT,,6.0,Series F,4900000.0,0,edgar_s1
ALAB,2017.0,4.0,Series D,400000000.0,0,edgar_s1
INTJ,,,,,0,edgar_s1
RYDE,,,,,0,edgar_s1
LGCL,,,,,0,edgar_s1
SMXT,2008.0,,,55500000.0,0,edgar_s1
VHAI,1997.0,,,,0,edgar_s1
UMAC,,,,,0,edgar_s1
MGX,2016.0,2.0,Series B,10000000.0,0,edgar_s1
TBBB,,,,,0,edgar_s1
TELO,2006.0,,,5000000.0,0,edgar_s1
KYTX,2018.0,1.0,Series B,3500000.0,0,edgar_s1
PMNT,2012.0,2.0,Series B,,0,edgar_s1
LEGT,1998.0,,,40800000.0,0,edgar_s1
ANRO,2019.0,3.0,Series C,59100000.0,0,edgar_s1
GUTS,2017.0,4.0,Series F,,0,edgar_s1
AS,,,,,0,edgar_s1
FBLG,,2.0,Series C,,0,edgar_s1
AVBP,2018.0,2.0,Series B,765000000.0,0,edgar_s1
BTSG,2017.0,,,62500000.0,0,edgar_s1
HAO,,,,9600000.0,0,edgar_s1
CGON,,,,,0,edgar_s1
YIBO,2011.0,,,,0,edgar_s1
JL,,,,,0,edgar_s1
SUGP,1998.0,,,,0,edgar_s1
KSPI,,,,,0,edgar_s1
CCTG,,,,,0,edgar_s1
SYNX,,,,,0,edgar_s1
SDHC,2001.0,,,3000000.0,0,edgar_s1
ROMA,2018.0,,,,0,edgar_s1
SCPQ,,,,,0,edgar_s1
ANDG,2002.0,,,45500000.0,0,edgar_s1
CCXI,,,,,0,edgar_s1
MDLN,,,,,0,edgar_s1
TWLV,,,,,0,edgar_s1
WLTH,2007.0,,,,0,edgar_s1
LMRI,2018.0,,,400000.0,0,edgar_s1
CDNL,2013.0,,,10900000.0,0,edgar_s1
JMG,2016.0,,,,0,edgar_s1
RGNT,2004.0,3.0,Series C,,0,edgar_s1
SMJF,2021.0,,,,0,edgar_s1
PARK,2023.0,,,,0,edgar_s1
GLOO,2008.0,1.0,Series A,159000000.0,0,edgar_s1
OTH,2012.0,,,,0,edgar_s1
POAS,,,,,0,edgar_s1
AERO,2016.0,,,,0,edgar_s1
BLLN,2016.0,,,400000.0,0,edgar_s1
EVMN,2020.0,3.0,Series C,11000000.0,0,edgar_s1
ELWT,2019.0,1.0,Series B,,0,edgar_s1
XZO,2012.0,1.0,Series A,,0,edgar_s1
BETA,,3.0,Series C,,0,edgar_s1
DNMX,2024.0,,,276000000.0,0,edgar_s1
NAVN,2015.0,3.0,Series C,37800000.0,0,edgar_s1
MPLT,2018.0,4.0,Series D,500000.0,0,edgar_s1
AGCC,,,,,0,edgar_s1
NPT,,,,,0,edgar_s1
AHMA,,,,,0,edgar_s1
BGIN,,,,,0,edgar_s1
MCTA,2011.0,,,,0,edgar_s1
ACCL,,,,,0,edgar_s1
SLGB,,,,,0,edgar_s1
TCGL,2015.0,,,,0,edgar_s1
RPGL,,,,,0,edgar_s1
ALH,,1.0,Series A,300000.0,0,edgar_s1
LFS,2022.0,,,,0,edgar_s1
PXED,,,,,0,edgar_s1
YDDL,,,,91000000000.0,0,edgar_s1
POM,,1.0,Series A,,0,edgar_s1
CCHH,2015.0,,,,0,edgar_s1
CBK,,,,,0,edgar_s1
AGRZ,,,,,0,edgar_s1
NP,,,,,0,edgar_s1
BCSS,,,,,0,edgar_s1
BDCI,,,,,0,edgar_s1
KNRX,,,,,0,edgar_s1
MGN,,,,,0,edgar_s1
PLTS,,,,,0,edgar_s1
PTRN,2013.0,2.0,Series B,,0,edgar_s1
NTSK,2012.0,1.0,Series C,261399999.99999997,0,edgar_s1
STUB,,,,,0,edgar_s1
WBI,,2.0,Series B,2000000.0,0,edgar_s1
CHOW,,,,,0,edgar_s1
BRCB,2025.0,1.0,Series A,,0,edgar_s1
FOFO,1993.0,,,,0,edgar_s1
LGN,,,,247200000.0,0,edgar_s1
VIA,,6.0,Series F,,0,edgar_s1
LBRX,2015.0,3.0,Series C,10000000.0,0,edgar_s1
KLAR,2022.0,,,2600000.0,0,edgar_s1
TLNC,,,,,0,edgar_s1
ZGM,,,,,0,edgar_s1
PMI,,,,,0,edgar_s1
ELOG,,,,,0,edgar_s1
TGHL,,,,,0,edgar_s1
CURX,,1.0,Series A,,0,edgar_s1
CEPF,,,,,0,edgar_s1
ETS,,,,4000000.0,0,edgar_s1
YMT,,4.0,Series D,,0,edgar_s1
NUTR,2023.0,,,,0,edgar_s1
BUUU,2017.0,,,,0,edgar_s1
NSRX,,,,,0,edgar_s1
RYOJ,,,,,0,edgar_s1
BLSH,2020.0,,,,0,edgar_s1
MAGH,2012.0,,,,0,edgar_s1
DKI,,,,,0,edgar_s1
EFTY,2013.0,,,,0,edgar_s1
HTFL,2007.0,2.0,Series F,98300000.0,0,edgar_s1
WYFI,,,,,0,edgar_s1
CTW,2003.0,,,,0,edgar_s1
FIG,2012.0,3.0,Series C,9800000.0,0,edgar_s1
SI,,5.0,Series E,7000000.0,0,edgar_s1
AMBQ,,,,,0,edgar_s1
YMAT,,,,,0,edgar_s1
ARX,2018.0,2.0,Series B,,0,edgar_s1
LHAI,2021.0,,,,0,edgar_s1
MH,1995.0,,,,0,edgar_s1
CARL,2018.0,3.0,Series C,,0,edgar_s1
CRE,2006.0,,,,0,edgar_s1
NIQ,,,,,0,edgar_s1
TDIC,,,,,0,edgar_s1
LAWR,,1.0,Series A,,0,edgar_s1
KMRK,,,,,0,edgar_s1
MGRT,2024.0,,,,0,edgar_s1
BMHL,,,,,0,edgar_s1
DLXY,,,,,0,edgar_s1
ANPA,2016.0,1.0,Series A,,0,edgar_s1
MSGY,2024.0,,,,0,edgar_s1
TLIH,,,,,0,edgar_s1
MAMK,2007.0,,,,0,edgar_s1
CV,2005.0,5.0,Series E,,0,edgar_s1
EMPG,,,,,0,edgar_s1
ORIQ,,,,,0,edgar_s1
GRAN,,,,,0,edgar_s1
CAEP,,,,,0,edgar_s1
JCAP,,,,,0,edgar_s1
JLHL,,,,,0,edgar_s1
FMFC,,,,,0,edgar_s1
HCHL,2019.0,,,,0,edgar_s1
CAI,2020.0,6.0,Series F,167700000.0,0,edgar_s1
EGG,,,,,0,edgar_s1
SLDE,,1.0,Series A,,0,edgar_s1
AIRO,2020.0,,,9900000.0,0,edgar_s1
CHYM,2012.0,,,1300000.0,0,edgar_s1
VNTG,2023.0,,,,0,edgar_s1
ASIC,2023.0,,,94000000.0,0,edgar_s1
VOYG,,,,3600000.0,0,edgar_s1
JEM,2021.0,,,,0,edgar_s1
OMDA,2011.0,2.0,Series D,1400000.0,0,edgar_s1
CRCL,,,,,0,edgar_s1
PTNM,,,,,0,edgar_s1
FTRK,,,,,0,edgar_s1
HNGE,2016.0,1.0,Series E,,0,edgar_s1
MNTN,2009.0,4.0,Series D,27100000000.0,0,edgar_s1
OFAL,,,,,0,edgar_s1
ANTA,,,,800000.0,0,edgar_s1
ETOR,2007.0,,,,0,edgar_s1
OMSE,,,,,0,edgar_s1
APUS,,,,,0,edgar_s1
AII,,,,,0,edgar_s1
CEPT,,,,,0,edgar_s1
CGCT,,,,,0,edgar_s1
GTEN,,,,,0,edgar_s1
SDM,,,,,0,edgar_s1
YB,,1.0,Series B,,0,edgar_s1
PHOE,1990.0,,,,0,edgar_s1
CIGL,2023.0,,,,0,edgar_s1
PFAI,,,,1000000.0,0,edgar_s1
TMDE,,,,,0,edgar_s1
CHA,,2.0,Series B,,0,edgar_s1
EDHL,2021.0,,,,0,edgar_s1
HXHX,,,,,0,edgar_s1
ATHR,,,,,0,edgar_s1
CUPR,2019.0,,,,0,edgar_s1
IOTR,,,,,0,edgar_s1
MB,2024.0,,,,0,edgar_s1
FATN,,,,,0,edgar_s1
RYET,,,,,0,edgar_s1
BLIV,,,,,0,edgar_s1
LHSW,2007.0,,,,0,edgar_s1
ENGS,,1.0,Series A,,0,edgar_s1
WTF,,,,,0,edgar_s1
WXM,,,,,0,edgar_s1
NMAX,,1.0,Series B,,0,edgar_s1
CRWV,1999.0,3.0,Series D,4400000000.0,0,edgar_s1
NCT,,,,,0,edgar_s1
WFF,,,,,0,edgar_s1
EPSM,2010.0,,,,0,edgar_s1
LGPS,,,,,0,edgar_s1
BIYA,,,,,0,edgar_s1
RCT,,,,,0,edgar_s1
MWYN,,1.0,Series A,,0,edgar_s1
MCRP,,,,,0,edgar_s1
SAGT,,,,,0,edgar_s1
ADVB,,,,,0,edgar_s1
JFB,,1.0,Series C,,0,edgar_s1
KMTS,,,,,0,edgar_s1
TBH,,1.0,Series B,,0,edgar_s1
PN,,,,,0,edgar_s1
NHIC,,,,,0,edgar_s1
LUD,,,,,0,edgar_s1
LZMH,2021.0,,,,0,edgar_s1
WETO,2020.0,,,,0,edgar_s1
STAK,,,,,0,edgar_s1
BMGL,2004.0,,,,0,edgar_s1
WGRX,2022.0,1.0,Series A,,0,edgar_s1
NNNN,,,,,0,edgar_s1
NPB,1999.0,2.0,Series B,43900000.0,0,edgar_s1
AARD,2024.0,3.0,Series C,118500000.0,0,edgar_s1
KRMN,,,,,0,edgar_s1
SAIL,2005.0,,,307500000.0,0,edgar_s1
XHLD,,,,20000000.0,0,edgar_s1
AGH,,,,,0,edgar_s1
SION,2019.0,3.0,Series C,149000000.0,0,edgar_s1
TTAM,,,,81700000000.0,0,edgar_s1
EPWK,,,,,0,edgar_s1
FBGL,,,,,0,edgar_s1
CJMB,,,,,0,edgar_s1
HCAI,,,,,0,edgar_s1
PLUT,,,,,0,edgar_s1
INR,,,,,0,edgar_s1
MAZE,,1.0,Series D,,0,edgar_s1
BBNX,,5.0,Series E,400000.0,0,edgar_s1
SVCC,,,,172500000.0,0,edgar_s1
FGMC,,,,,0,edgar_s1
SFD,,,,,0,edgar_s1
AAPG,2009.0,,,,0,edgar_s1
VG,2023.0,1.0,Series A,460000000.0,0,edgar_s1
SKBL,,,,,0,edgar_s1
DGNX,,,,,0,edgar_s1
DXST,,,,,0,edgar_s1
TJGC,,,,,0,edgar_s1
TOPP,,,,,0,edgar_s1
HVII,2013.0,,,,0,edgar_s1
FLOC,2002.0,,,,0,edgar_s1
PCLA,,,,,0,edgar_s1
HKPD,,,,,0,edgar_s1
UFG,,,,,0,edgar_s1
MIMI,2018.0,,,,0,edgar_s1
MASK,,,,,0,edgar_s1
CEPO,,,,,0,edgar_s1
ZYBT,2006.0,,,,0,edgar_s1
INLF,2016.0,,,,0,edgar_s1
